ojk\u_fprv,11
[_lrZtc\io,5
img\jq`xn],17
xbhtsacxyu,5
igctqxfrew,11
tk_mxY_el`,7
hq\xc`y]ur,15
fgokycfjjb,18
qnyrixmrhm,11
lnf`rkuwt[,15
rpcy_lrgs],5
bk[lgiilxt,15
YsbZh\l`a[,13
dpgxwprh]Y,12
r^l]jadZns,7
ieYmqvgcm`,12
]iusrwxy[f,5
^kvvnj\rff,5
][_uinqx_^,3
bqlYx]v_gt,18
^djuhilk[v,18
kiirlpddtu,5
ks`ggqjrdj,3
Ygvvyijdoj,8
u`Y^tZlYq\,16
h^`saoucsy,20
jYxmqsarYp,19
^Yptod_uce,3
nYuatYqil[,11
q`aitZ\n]r,14
e]uxbptdiu,18
or_n_Zjo_r,11
b`mxfhjnfk,8
f[ytyqsnkj,6
^sir]uYvr^,4
leh`hy^dvv,12
]sbfsqcZiY,3
d^x_lnwyas,19
t_`eusjfyk,17
dispwrxoow,11
mp^ir]bwmk,20
oZlt`i^gnd,19
Yuwnqj^iuw,10
]uytZ`vlo],17
[uodssZoca,16
fhnhrpjmn`,13
l]systffjy,14
`nlokv]\gr,17
^`vxjmx_eb,14
_ot_dlaYll,2
hwakxgxlni,6
^ayjnZlpZl,17
hu\wpcgdbn,9
ialfrwZqhe,9
x`Ziffco^u,10
yfiwoikbri,10
mdv_mglc]m,12
vopvlf]]uv,18
gy][xfolu_,18
gf]^d_cmba,0
`[nv_ya^cp,3
kYY]Y^fxxw,3
k\_odZtxq],5
d^nqt_ksws,20
mq\p_xrp_g,8
x[rw_ld]Z`,4
sdafYpqg`e,10
i`vlstupcx,3
yi`Z[tsnwf,18
`hpk`vcraa,3
eqpqyucy^[,9
r^dwxvu[w^,14
t\y`ZYcYdh,20
_d`^\idwmy,9
Zsql\fZlfb,7
nwmuv]^umw,14
jwaxeYpne\,14
^jerqhgtds,15
gqjdrvawty,11
la]hiljuxg,9
qwej\[y^cx,8
h_topafmeq,18
iaeudsbmpn,6
\lefcshw\j,12
[cxr`xbqv`,13
]innrtpwrc,5
yjlY`j^cqv,7
kluq]]Ydrb,16
fspi]llZou,2
rpajcod]sb,7
egbljnr`ru,20
hhlwe_b_mt,20
olfi[`_exb,17
[_psyb\don,0
ibfilYxvia,16
^Zdi_h\cdt,16
q_kplZnjvw,14
b]pqo]`_yn,16
o]_o`_qr`i,11
`kZ`xextsi,5
